{
  "version": "0.0.1@9722d0c",
  "time": "2023-02-19T16:41:18.774Z",
  "results": [
    {
      "id": ".wordlist65k",
      "inputSize": 611419,
      "compileTime": {
        "block": 2.927846999999997,
        "index": 19.964291000000014
      },
      "outputSize": {
        "block": 741960,
        "index": 3024971
      },
      "searchTime": [
        0.006280999999989945,
        0.004402999999983876,
        0.00863899999997102,
        0.014679999999989377,
        0.02644900000001144,
        0.04213600000000042,
        0.050627999999996974,
        0.05841299999998682,
        0.05869500000001153,
        0.0467890000000034
      ]
    },
    {
      "id": ".wordlist200k",
      "inputSize": 1908035,
      "compileTime": {
        "block": 9.147357999999981,
        "index": 61.23787599999996
      },
      "outputSize": {
        "block": 2297090,
        "index": 9486685
      },
      "searchTime": [
        0.002185999999965134,
        0.0037130000002252926,
        0.010599000000129309,
        0.029201000000011846,
        0.06638400000003458,
        0.10119400000001405,
        0.13339600000004792,
        0.15581600000003162,
        0.1667989999999918,
        0.14641999999985272
      ]
    }
  ]
}