{
  "version": "0.0.1@d764474",
  "time": "2023-02-19T20:38:30.929Z",
  "results": [
    {
      "id": ".wordlist65k",
      "inputSize": 611419,
      "compileTime": {
        "block": 2.929473000000001,
        "index": 16.459441999999996
      },
      "outputSize": {
        "block": 741960,
        "index": 1745240
      },
      "searchTime": [
        0.00759199999999737,
        0.0051799999999798275,
        0.010037000000024818,
        0.014967999999992116,
        0.0272570000000087,
        0.04128399999998919,
        0.05512400000001207,
        0.05845999999998639,
        0.059201999999988854,
        0.047184999999997215
      ]
    },
    {
      "id": ".wordlist200k",
      "inputSize": 1908035,
      "compileTime": {
        "block": 9.093042999999987,
        "index": 47.080512
      },
      "outputSize": {
        "block": 2297090,
        "index": 5595434
      },
      "searchTime": [
        0.002659999999923457,
        0.00408900000002177,
        0.01087800000003881,
        0.03504499999998188,
        0.0645829999999296,
        0.10223000000000866,
        0.1331959999999799,
        0.15373500000003332,
        0.16555099999997766,
        0.14707499999996798
      ]
    }
  ]
}