{
  "version": "0.0.1@f5ff2e0",
  "time": "2023-02-20T15:13:32.952Z",
  "results": [
    {
      "id": ".wordlist65k",
      "inputSize": 611419,
      "compileTime": {
        "block": 2.936268000000001,
        "index": 16.616064000000016
      },
      "outputSize": {
        "block": 741960,
        "index": 1745240
      },
      "searchTime": [
        0.006016999999990276,
        0.0035330000000044492,
        0.0035050000000069305,
        0.0035000000000013644,
        0.00399299999998675,
        0.003757999999995718,
        0.003290000000001783,
        0.003434000000004289,
        0.003837999999980184,
        0.0038050000000066577
      ]
    },
    {
      "id": ".wordlist200k",
      "inputSize": 1908035,
      "compileTime": {
        "block": 9.043149000000023,
        "index": 47.859894999999995
      },
      "outputSize": {
        "block": 2297090,
        "index": 5595434
      },
      "searchTime": [
        0.0017089999999825522,
        0.001745999999993728,
        0.0016389999999773864,
        0.0016500000000360159,
        0.002587000000048647,
        0.002239000000008673,
        0.0025090000000182046,
        0.003121999999966647,
        0.0032999999999901775,
        0.002589000000007218
      ]
    }
  ]
}